"hotel_id","hbg_code","airport_code"
3784,"14917","LON"
3791,"13892","LON"
3796,"102239","LON"
3827,"42616","LON"
3857,"49375","LON"
3886,"6643","LON"
3894,"9244","LON"
3915,"7557","LON"
3947,"13888","LON"
3995,"65169","LON"
4288,"6611","LON"
4290,"6607","LON"
4354,"6565","LON"
4715,"36769","LON"
5308,"7549","LON"
5309,"6638","LON"
5312,"6554","LON"
5313,"6560","LON"
5314,"6550","LON"
5315,"6616","LON"
5316,"7566","LON"
5317,"7560","LON"
6037,"25859","LON"
7138,"84356","LON"
7335,"6553","LON"
7337,"179409","LON"
7392,"7568","LON"
7393,"7563","LON"
7396,"26120","LON"
7401,"179390","LON"
7414,"16233","LON"
7506,"17311","LON"
7643,"6639","LON"
7731,"6569","LON"
7759,"15176","LON"
7769,"14995","LON"
7770,"15178","LON"
8042,"8900","LON"
8623,"15147","LON"
8624,"17670","LON"
8703,"7570","LON"
8890,"6615","LON"
8903,"7542","LON"
9385,"15847","LON"
9393,"40388","LON"
9396,"6557","LON"
9757,"6622","LON"
9763,"37130","LON"
10010,"109733","LON"
10208,"6556","LON"
10253,"6634","LON"
10707,"316645","LON"
11561,"16108","LON"
12641,"13897","LON"
13533,"6558","LON"
13551,"7574","LON"
14001,"17412","LON"
14418,"7573","LON"
15825,"6610","LON"
16135,"6641","LON"
16136,"7564","LON"
16149,"7555","LON"
16151,"7561","LON"
16152,"6636","LON"
16156,"7565","LON"
16157,"6547","LON"
16159,"7544","LON"
16165,"7550","LON"
16167,"6573","LON"
16540,"71468","LON"
17000,"6653","LON"
17430,"8941","LON"
17434,"7571","LON"
17437,"17394","LON"
18400,"313351","LON"
19328,"35317","LON"
19746,"15894","LON"
1003250,"15798","LON"
1003261,"178431","LON"
1003262,"109733","LON"
1031026,"14141","LON"
1031105,"14170","LON"
1031428,"14985","LON"
1031627,"36707","LON"
1031938,"58694","LON"
1032298,"6609","LON"
1032483,"107908","LON"
1032537,"6548","LON"
1032697,"6612","LON"
1033916,"7572","LON"
1034071,"82704","LON"
1035593,"7576","LON"
1035596,"36774","LON"
1035597,"38699","LON"
1035634,"6561","LON"
1035638,"155257","LON"
1035672,"37083","LON"
1035812,"7558","LON"
1039904,"164991","LON"
1040371,"9227","LON"
1200714,"83150","LON"
1200929,"7545","LON"
1201107,"7546","LON"
1201633,"46622","LON"
1201635,"7540","LON"
1201714,"59579","LON"
1202213,"6550","LON"
1202216,"70989","LON"
1202217,"6639","LON"
1202220,"7566","LON"
1202224,"6616","LON"
1202225,"77690","LON"
1202226,"26120","LON"
1202222,"6554","LON"
1202221,"7568","LON"
1202218,"7560","LON"
1202219,"7549","LON"
1202223,"7563","LON"
1202954,"13901","LON"
1203423,"41285","LON"
1203470,"15170","LON"
1203949,"629949","LON"
1203975,"13891","LON"
1204155,"86184","LON"
1204638,"7556","LON"
1204735,"6646","LON"
1204737,"6564","LON"
1204739,"6650","LON"
1205154,"84242","LON"
1205222,"6635","LON"
1205453,"6608","LON"
1206124,"106713","LON"
1209717,"111645","LON"
1212519,"13893","LON"
1212520,"6605","LON"
1212547,"6627","LON"
1212548,"9225","LON"
1212549,"9221","LON"
1212581,"6640","LON"
1213121,"15101","LON"
1213551,"103836","LON"
1213654,"14994","LON"
1213755,"58082","LON"
1213831,"153296","LON"
1214532,"132728","LON"
1215085,"174434","LON"
1215629,"70989","LON"
1216012,"59582","LON"
1216087,"6650","LON"
1216997,"47956","LON"
1216999,"77690","LON"
1217194,"36763","LON"
1217516,"161166","LON"
1217902,"314263","LON"
1219580,"6655","LON"
1219842,"183194","LON"
1219900,"315432","LON"
1221247,"124005","LON"
1221517,"126260","LON"
1223527,"7578","LON"
1224131,"139527","LON"
1229493,"14352","LON"
1229639,"115212","LON"
1229999,"115366","LON"
1230198,"36758","LON"
1230370,"102553","LON"
1231371,"6638","LON"
1231761,"164990","LON"
1231808,"36759","LON"
1231380,"6619","LON"
1232377,"6617","LON"
1232380,"6619","LON"
1232470,"14004","LON"
1233079,"8899","LON"
1233279,"156620","LON"
1233470,"14990","LON"
1233278,"163382","LON"
1233987,"9472","LON"
1234084,"14990","LON"
1234483,"155257","LON"
1234486,"36759","LON"
1234082,"7558","LON"
1234083,"6610","LON"
1234485,"7542","LON"
1234484,"16297","LON"
1234684,"37130","LON"
1234685,"6561","LON"
1234686,"36758","LON"
1234687,"8900","LON"
1234750,"36774","LON"
1234753,"15774","LON"
1234755,"7580","LON"
1234756,"401438","LON"
1234761,"109693","LON"
1234762,"9515","LON"
1234754,"15894","LON"
1234751,"36763","LON"
1234758,"7556","LON"
1235027,"156620","LON"
1236271,"36769","LON"
1236300,"7576","LON"
1238452,"104337","LON"
1238731,"86184","LON"
1241742,"87528","LON"
1241744,"111855","LON"
1241745,"160781","LON"
1241753,"314263","LON"
1241739,"70242","LON"
1243601,"13900","LON"
1247998,"179390","LON"
1248092,"179402","LON"
1248111,"179409","LON"
1248134,"16217","LON"
1248162,"13889","LON"
1248163,"6647","LON"
1248207,"100616","LON"
1248209,"179314","LON"
1248225,"169079","LON"
1248232,"109734","LON"
1248243,"145542","LON"
1248248,"151733","LON"
1248249,"176686","LON"
1255002,"15777","LON"
1255004,"15775","LON"
1256884,"36761","LON"
1257270,"317035","LON"
1258028,"36764","LON"
1259107,"163382","LON"
1263630,"164990","LON"
1263632,"164991","LON"
1264412,"38760","LON"
1274239,"9228","LON"
1295521,"172420","LON"
1296835,"174466","LON"
1297331,"9472","LON"
1297324,"8899","LON"
1297930,"151733","LON"
1299310,"156955","LON"
1299370,"232159","LON"
1299489,"193433","LON"
1299511,"111645","LON"
1299886,"100616","LON"
1299971,"7567","LON"
1300346,"104275","LON"
1300364,"7567","LON"
1310384,"13897","LON"
1314008,"72399","LON"
1314086,"164992","LON"
1314239,"9515","LON"
1315111,"183898","LON"
1315563,"8903","LON"
1315566,"25860","LON"
1315569,"25861","LON"
1315582,"162475","LON"
1315710,"167507","LON"
1315712,"167506","LON"
1315715,"167508","LON"
1315907,"167509","LON"
1316257,"232920","LON"
1316259,"17411","LON"
1319666,"313827","LON"
1319973,"36707","LON"
1320369,"35317","LON"
1320499,"140717","LON"
1320512,"81853","LON"
1321037,"37083","LON"
1321454,"55093","LON"
1321473,"100047","LON"
1321493,"36760","LON"
1321619,"36766","LON"
1321750,"82669","LON"
1323420,"316925","LON"
1323421,"36765","LON"
1323424,"174553","LON"
1323425,"183898","LON"
1323662,"13895","LON"
1323942,"6646","LON"
1323943,"6650","LON"
1323817,"6569","LON"
1324247,"14091","LON"
1325184,"9015","LON"
1327047,"164992","LON"
1327043,"8899","LON"
1327055,"9472","LON"
1327300,"17397","LON"
1328002,"172419","LON"
1328003,"172420","LON"
1328082,"100616","LON"
1328129,"9244","LON"
1328150,"14986","LON"
1328151,"16061","LON"
1328152,"143393","LON"
1328206,"151634","LON"
1328307,"13897","LON"
1328159,"25861","LON"
1328267,"6558","LON"
1328130,"6616","LON"
1328132,"8899","LON"
1328131,"15895","LON"
1328357,"222260","LON"
1328386,"162374","LON"
1328536,"156620","LON"
1328618,"15155","LON"
1328625,"6561","LON"
1328629,"15775","LON"
1328630,"7560","LON"
1328632,"7568","LON"
1328633,"6560","LON"
1328638,"7549","LON"
1328641,"7580","LON"
1328644,"36769","LON"
1328654,"6638","LON"
1328656,"8903","LON"
1328657,"167509","LON"
1328660,"15777","LON"
1328661,"6548","LON"
1328665,"7546","LON"
1328666,"9474","LON"
1328668,"9016","LON"
1328669,"6628","LON"
1328670,"7541","LON"
1328674,"9476","LON"
1328609,"15126","LON"
1328645,"7545","LON"
1328611,"9131","LON"
1328634,"6639","LON"
1328649,"7573","LON"
1328662,"6617","LON"
1328612,"8907","LON"
1328639,"26120","LON"
1328671,"9221","LON"
1328624,"6609","LON"
1328631,"7566","LON"
1328478,"6564","LON"
1328613,"7603","LON"
1328628,"6573","LON"
1328626,"15894","LON"
1328673,"6608","LON"
1328667,"9225","LON"
1328637,"6550","LON"
1328663,"6619","LON"
1328646,"7556","LON"
1328640,"7558","LON"
1328621,"9472","LON"
1328655,"6556","LON"
1328614,"15142","LON"
1328642,"6610","LON"
1328675,"6627","LON"
1328658,"13896","LON"
1328643,"7542","LON"
1328685,"13901","LON"
1328757,"13885","LON"
1328774,"155257","LON"
1328787,"7567","LON"
1328808,"77690","LON"
1328829,"8901","LON"
1328910,"102239","LON"
1328930,"156955","LON"
1329005,"47956","LON"
1329021,"14990","LON"
1328717,"25682","LON"
1328688,"7555","LON"
1329024,"103836","LON"
1328907,"183898","LON"
1328719,"25860","LON"
1328686,"6641","LON"
1328691,"7561","LON"
1328694,"7565","LON"
1328697,"6615","LON"
1328863,"164992","LON"
1328687,"7564","LON"
1329023,"7578","LON"
1328770,"70989","LON"
1329013,"103993","LON"
1328782,"7563","LON"
1328695,"7544","LON"
1328696,"7550","LON"
1328679,"6547","LON"
1328689,"7551","LON"
1328693,"6557","LON"
1329400,"153304","LON"
1329404,"172420","LON"
1329856,"6647","LON"
1329883,"17415","LON"
1329889,"164412","LON"
1330395,"8901","LON"
1330539,"13896","LON"
1330643,"7546","LON"
1330657,"100015","LON"
1330660,"14835","LON"
1330664,"14993","LON"
1330676,"27179","LON"
1330677,"17670","LON"
1330679,"7572","LON"
1330681,"107677","LON"
1330730,"160781","LON"
1330736,"29247","LON"
1330738,"170177","LON"
1330651,"14994","LON"
1330666,"15147","LON"
1330668,"7578","LON"
1330763,"228589","LON"
1330914,"100023","LON"
1331010,"231084","LON"
1331077,"13885","LON"
1331141,"189477","LON"
1331092,"6647","LON"
1331400,"122041","LON"
1331509,"104275","LON"
1331666,"102554","LON"
1331668,"452601","LON"
1331925,"611781","LON"
1335831,"9022","LON"
1335832,"14017","LON"
1335833,"15166","LON"
1335994,"611781","LON"
1336123,"231084","LON"
1335888,"164991","LON"
1335963,"9020","LON"
1337170,"452601","LON"
1339615,"316236","LON"
1341190,"86531","LON"
1341224,"8898","LON"
1341243,"7541","LON"
1341191,"9474","LON"
1341229,"9221","LON"
1341181,"6627","LON"
1341227,"9016","LON"
1341228,"9225","LON"
1341577,"13895","LON"
1341458,"183194","LON"
1341459,"39920","LON"
1341574,"6589","LON"
1343664,"363929","LON"
1348855,"13889","LON"
1351491,"7557","LON"
1348870,"179390","LON"
1355490,"111645","LON"
1355753,"36707","LON"
1355889,"14352","LON"
1355691,"16234","LON"
1356193,"316121","LON"
1356551,"407649","LON"
1356666,"9228","LON"
1356764,"163498","LON"
1356779,"29247","LON"
1356780,"160781","LON"
1357150,"361665","LON"
1357287,"161365","LON"
1357647,"316121","LON"
1357852,"70242","LON"
1359556,"161367","LON"
1359557,"161368","LON"
1361721,"316121","LON"
1362215,"312099","LON"
1363039,"313685","LON"
1363378,"164990","LON"
1363178,"8898","LON"
1363929,"7567","LON"
1363446,"86531","LON"
1401800,"7573","LON"
1403011,"25682","LON"
1403610,"36764","LON"
1406981,"313685","LON"
1409111,"313685","LON"
1409140,"9015","LON"
1409294,"315129","LON"
1414339,"102554","LON"
1415832,"312034","LON"
1415642,"183898","LON"
1417753,"13889","LON"
1418911,"15155","LON"
1419836,"36761","LON"
1419884,"38760","LON"
1421067,"143390","LON"
1421068,"143394","LON"
1421069,"402697","LON"
1421070,"14106","LON"
1421071,"14982","LON"
1421072,"16076","LON"
1421073,"16077","LON"
1421074,"16072","LON"
1421075,"16057","LON"
1421076,"16063","LON"
1421078,"16079","LON"
1421079,"16065","LON"
1425484,"7580","LON"
1427923,"172419","LON"
1428019,"140407","LON"
1428080,"215288","LON"
1428722,"222260","LON"
1429428,"218358","LON"
1430933,"6560","LON"
1430937,"156620","LON"
1430942,"407649","LON"
1430943,"7560","LON"
1430944,"7549","LON"
1430946,"172420","LON"
1430947,"7568","LON"
1430951,"13897","LON"
1430955,"77690","LON"
1430956,"164990","LON"
1430960,"315129","LON"
1430966,"232159","LON"
1430967,"111645","LON"
1430940,"70989","LON"
1430935,"163382","LON"
1430954,"6616","LON"
1430945,"7566","LON"
1430957,"26120","LON"
1430961,"164991","LON"
1430952,"6554","LON"
1430941,"6639","LON"
1430949,"7573","LON"
1430958,"183194","LON"
1431440,"132728","LON"
1431702,"6622","LON"
1431739,"6556","LON"
1432109,"169011","LON"
1432228,"313233","LON"
1432336,"162374","LON"
1432254,"183898","LON"
1432775,"170177","LON"
1433035,"182130","LON"
1433036,"105294","LON"
1433820,"155259","LON"
1433052,"39920","LON"
1437709,"313626","LON"
1437669,"17311","LON"
1438459,"91394","LON"
1438566,"17414","LON"
1438579,"219393","LON"
1438591,"191437","LON"
1439382,"411219","LON"
1440175,"582721","LON"
1440675,"481142","LON"
1442070,"136945","LON"
1442253,"13895","LON"
1442390,"6558","LON"
1442297,"13896","LON"
1442542,"65169","LON"
1442813,"231084","LON"
1442814,"167509","LON"
1442815,"218358","LON"
1442816,"9015","LON"
1442818,"8903","LON"
1443032,"65169","LON"
1443033,"161166","LON"
1442817,"7540","LON"
1443236,"125417","LON"
1443261,"156249","LON"
1445894,"155310","LON"
1446682,"91659","LON"
1446690,"547198","LON"
1447332,"228570","LON"
1449448,"228570","LON"
1449772,"452601","LON"
1449774,"312099","LON"
1450324,"156249","LON"
1451262,"452601","LON"
1451263,"312099","LON"
1451917,"176686","LON"
1451945,"443581","LON"
1452271,"104275","LON"
1452272,"104275","LON"
1452274,"189477","LON"
1455175,"150531","LON"
1455537,"54174","LON"
1457538,"155310","LON"
1458461,"315924","LON"
1459144,"313388","LON"
1460275,"7570","LON"
1460277,"6653","LON"
1462116,"201957","LON"
1462703,"91659","LON"
1463609,"316062","LON"
1463796,"313861","LON"
1465700,"147634","LON"
1465792,"147634","LON"
1466323,"411219","LON"
1466350,"547198","LON"
1467350,"85077","LON"
1467351,"316236","LON"
1467354,"15101","LON"
1467353,"468722","LON"
1468462,"315269","LON"
1468398,"6553","LON"
1469790,"316819","LON"
1470029,"14917","LON"
1470033,"13891","LON"
1470034,"84356","LON"
1469918,"41285","LON"
1470147,"316819","LON"
1470355,"128787","LON"
1470384,"72399","LON"
1470354,"312099","LON"
1470356,"8947","LON"
1470630,"72399","LON"
1470741,"361665","LON"
1470582,"183898","LON"
1471224,"218454","LON"
1471550,"611781","LON"
1471650,"611781","LON"
1471792,"316819","LON"
1471860,"150525","LON"
1472338,"312863","LON"
1472342,"312863","LON"
1472650,"313626","LON"
1473471,"171406","LON"
1473772,"13885","LON"
1473872,"13885","LON"
1473917,"6645","LON"
1474102,"521061","LON"
1474166,"254169","LON"
1474299,"312863","LON"
1474300,"312863","LON"
1474581,"540421","LON"
1474654,"521061","LON"
1475622,"222260","LON"
1475889,"316624","LON"
1475893,"315996","LON"
1475911,"541362","LON"
1476151,"373304","LON"
1476152,"316488","LON"
1476156,"312737","LON"
1476157,"373303","LON"
1476255,"313388","LON"
1476368,"102045","LON"
1476369,"94500","LON"
1476372,"94501","LON"
1476442,"558103","LON"
1476658,"122358","LON"
1479315,"314367","LON"
1479669,"313388","LON"
1479995,"315651","LON"
1480366,"556927","LON"
1482835,"7574","LON"
1483233,"8898","LON"
1483239,"86531","LON"
1483229,"9221","LON"
1483231,"6628","LON"
1483232,"6627","LON"
1483228,"9225","LON"
1483230,"9474","LON"
1483236,"9476","LON"
1483238,"9016","LON"
1483431,"316121","LON"
1483574,"541384","LON"
1483621,"313572","LON"
1483916,"585561","LON"
1484669,"316236","LON"
1484847,"585426","LON"
1484851,"598981","LON"
1484857,"585425","LON"
1484858,"174466","LON"
1484859,"585436","LON"
1484860,"403060","LON"
1484861,"14836","LON"
1484863,"18223","LON"
1485831,"6608","LON"
1486230,"559823","LON"
1486676,"613143","LON"
1486885,"13885","LON"
1487124,"315401","LON"
1487328,"313103","LON"
1487351,"313103","LON"
1488397,"6557","LON"
1488398,"6615","LON"
1488399,"6573","LON"
1488400,"6641","LON"
1488401,"6547","LON"
1488402,"7544","LON"
1488403,"7564","LON"
1488406,"7561","LON"
1488407,"6636","LON"
1488409,"7550","LON"
1488513,"6557","LON"
1488516,"6615","LON"
1488519,"6573","LON"
1488522,"6641","LON"
1488525,"6547","LON"
1488528,"7544","LON"
1488531,"7564","LON"
1488540,"7561","LON"
1488543,"6636","LON"
1488550,"7550","LON"
1489317,"559823","LON"
1489867,"6557","LON"
1489868,"6615","LON"
1489869,"6573","LON"
1489870,"6641","LON"
1489871,"6547","LON"
1489872,"7544","LON"
1489873,"7564","LON"
1489876,"7561","LON"
1489877,"6636","LON"
1489879,"7550","LON"
1490261,"140407","LON"
1490799,"7543","LON"
1490862,"613143","LON"
1491730,"591612","LON"
1491781,"591612","LON"
1491914,"6612","LON"
1492244,"6557","LON"
1492297,"556927","LON"
1492409,"183898","LON"
1493123,"156955","LON"
1493125,"191437","LON"
1493127,"6635","LON"
1493139,"6655","LON"
1493140,"9472","LON"
1493173,"574461","LON"
1493257,"6641","LON"
1493258,"6615","LON"
1493259,"6553","LON"
1493260,"107908","LON"
1493262,"14170","LON"
1493263,"6565","LON"
1493264,"6612","LON"
1493265,"13891","LON"
1493266,"6547","LON"
1493268,"6640","LON"
1493269,"25861","LON"
1493385,"316092","LON"
1493386,"316961","LON"
1493510,"316092","LON"
1493514,"316961","LON"
1493671,"585198","LON"
1493681,"585198","LON"
1494561,"102553","LON"
1494564,"106713","LON"
1494569,"13901","LON"
1494587,"6573","LON"
1494589,"6636","LON"
1494594,"7544","LON"
1494598,"7570","LON"
1494772,"9474","LON"
1495011,"550868","LON"
1494948,"179390","LON"
1495275,"179402","LON"
1495277,"179409","LON"
1495284,"492381","LON"
1495813,"575942","LON"
1495821,"93032","LON"
1495823,"124005","LON"
1495829,"82704","LON"
1495838,"161368","LON"
1495850,"164966","LON"
1495852,"151733","LON"
1495860,"109734","LON"
1495874,"179314","LON"
1495876,"100616","LON"
1495895,"6647","LON"
1495919,"16217","LON"
1495921,"13889","LON"
1495928,"169079","LON"
1495932,"145542","LON"
1495933,"176686","LON"
1495939,"161365","LON"
1495956,"6569","LON"
1495965,"313233","LON"
1495948,"604562","LON"
1496417,"316488","LON"
1496452,"161368","LON"
1496522,"164990","LON"
1496510,"6628","LON"
1496445,"9476","LON"
1496590,"312863","LON"
1496592,"373304","LON"
1496593,"312737","LON"
1496837,"14080","LON"
1496838,"103835","LON"
1496849,"313901","LON"
1496870,"110557","LON"
1496876,"180050","LON"
1497090,"613142","LON"
1496976,"7541","LON"
1497034,"9474","LON"
1497281,"635201","LON"
1497282,"635201","LON"
1497308,"574461","LON"
1497315,"574881","LON"
1497443,"13891","LON"
1497503,"109372","LON"
1497599,"161875","LON"
1497602,"623399","LON"
1497866,"641911","LON"
1497912,"316121","LON"
1497914,"17311","LON"
1497915,"316121","LON"
1499576,"124005","LON"
1500821,"17411","LON"
1500911,"14141","LON"
1500912,"6611","LON"
1500932,"219393","LON"
1500915,"164992","LON"
1500955,"122041","LON"
1500956,"15777","LON"
1500971,"7555","LON"
1501091,"46622","LON"
1501094,"126260","LON"
1501096,"86531","LON"
1501099,"163382","LON"
1501100,"6639","LON"
1501101,"91394","LON"
1501104,"13892","LON"
1501107,"7561","LON"
1501109,"25859","LON"
1501113,"6560","LON"
1501116,"6607","LON"
1501149,"312099","LON"
1501150,"150531","LON"
1501158,"313351","LON"
1501163,"100616","LON"
1500950,"9225","LON"
1501171,"17311","LON"
1501177,"111855","LON"
1501180,"161365","LON"
1501182,"7572","LON"
1501184,"6608","LON"
1501186,"316645","LON"
1501189,"7545","LON"
1501195,"7571","LON"
1501204,"7563","LON"
1501206,"41285","LON"
1501207,"6550","LON"
1501211,"7564","LON"
1501225,"103836","LON"
1501232,"8941","LON"
1501233,"7568","LON"
1501255,"7550","LON"
1501263,"15176","LON"
1501270,"163498","LON"
1501272,"6634","LON"
1501303,"71468","LON"
1501310,"6561","LON"
1501314,"7560","LON"
1501315,"14004","LON"
1501316,"58082","LON"
1501322,"164991","LON"
1501323,"58694","LON"
1501329,"17412","LON"
1501330,"9244","LON"
1501331,"161367","LON"
1501333,"315269","LON"
1501335,"145542","LON"
1501337,"183194","LON"
1501338,"47956","LON"
1501250,"6647","LON"
1501321,"9016","LON"
1501346,"189477","LON"
1501348,"153296","LON"
1501353,"54174","LON"
1501354,"13888","LON"
1501356,"13900","LON"
1501357,"172420","LON"
1501360,"14917","LON"
1501363,"25860","LON"
1501364,"179390","LON"
1501368,"162475","LON"
1501372,"104337","LON"
1501355,"9221","LON"
1501345,"8899","LON"
1504092,"7578","LON"
1504643,"59579","LON"
1504644,"59582","LON"
1504700,"604562","LON"
1504789,"172693","LON"
1504798,"125353","LON"
1505041,"16106","LON"
1506664,"145542","LON"
1506821,"6573","LON"
1506822,"7550","LON"
1506826,"6615","LON"
1506828,"6557","LON"
1507022,"7544","LON"
1507024,"7555","LON"
1507129,"604562","LON"
1509412,"103437","LON"
1509520,"313231","LON"
1509521,"15901","LON"
1509527,"402378","LON"
1509556,"14550","LON"
1509557,"128787","LON"
1509726,"190452","LON"
1509907,"16105","LON"
1510035,"92172","LON"
1510110,"67759","LON"
1510128,"14104","LON"
1513207,"180527","LON"
1513214,"189438","LON"
1513219,"6614","LON"
1513226,"87611","LON"
1513238,"90482","LON"
1513477,"171406","LON"
1515174,"13885","LON"
1515191,"65659","LON"
1515241,"315757","LON"
1515244,"313212","LON"
1515248,"312741","LON"
1515251,"6638","LON"
1515252,"19877","LON"
1515253,"15178","LON"
1515260,"493301","LON"
1515261,"51177","LON"
1515277,"153304","LON"
1515326,"15813","LON"
1515354,"17122","LON"
1515342,"42616","LON"
1518352,"132861","LON"
1518586,"439321","LON"
1518593,"467401","LON"
1518604,"164966","LON"
1518612,"314748","LON"
1518619,"164364","LON"
1518622,"147529","LON"
1518626,"14406","LON"
1518652,"7557","LON"
1518673,"164366","LON"
1518674,"133506","LON"
1518677,"189908","LON"
1518715,"145836","LON"
1518740,"14991","LON"
1518743,"14989","LON"
1518751,"315068","LON"
1518753,"401003","LON"
1518754,"150646","LON"
1518761,"369617","LON"
1518768,"179223","LON"
1518780,"315653","LON"
1518796,"164363","LON"
1518812,"148304","LON"
1518821,"13898","LON"
1518826,"120418","LON"
1518851,"87280","LON"
1518860,"312737","LON"
1518904,"169900","LON"
1518924,"401001","LON"
1518974,"91615","LON"
1518991,"237212","LON"
1519039,"14403","LON"
1519044,"160746","LON"
1519046,"218066","LON"
1519049,"218616","LON"
1519098,"7565","LON"
1519884,"629949","LON"
1524347,"9227","LON"
1524359,"104275","LON"
1524361,"541362","LON"
1524377,"155310","LON"
1524477,"167506","LON"
1524480,"167508","LON"
1524506,"6645","LON"
1524509,"87528","LON"
1524511,"182130","LON"
1524521,"115212","LON"
1524554,"167507","LON"
1524555,"106399","LON"
1524628,"178431","LON"
1524640,"6650","LON"
1524659,"147634","LON"
1524707,"215288","LON"
1524712,"6646","LON"
1524718,"8898","LON"
1524755,"17415","LON"
1524770,"6653","LON"
1524773,"15775","LON"
1524775,"316236","LON"
1524918,"17414","LON"
1525116,"84242","LON"
1525150,"14985","LON"
1525226,"7565","LON"
1525261,"155259","LON"
1525289,"222260","LON"
1525175,"6627","LON"
1525323,"17397","LON"
1525382,"115366","LON"
1525421,"83150","LON"
1525432,"160781","LON"
1525519,"17394","LON"
1525608,"13893","LON"
1525627,"373303","LON"
1525683,"232920","LON"
1525755,"164412","LON"
1525773,"7546","LON"
1525800,"84356","LON"
1525790,"7541","LON"
1528712,"105294","LON"
1528738,"6564","LON"
1528749,"559823","LON"
1528796,"102239","LON"
1528800,"139527","LON"
1528804,"14923","LON"
1528812,"156203","LON"
1528813,"157118","LON"
1528814,"160745","LON"
1528817,"16108","LON"
1528819,"162374","LON"
1528832,"28728","LON"
1528842,"72399","LON"
1528881,"6643","LON"
1529387,"38784","LON"
1529536,"15176","LON"
1531069,"102554","LON"
1531665,"104275","LON"
1532110,"619843","LON"
1532728,"115212","LON"
1532875,"574461","LON"
1532886,"313685","LON"
1533539,"446701","LON"
1533632,"446701","LON"
1534358,"446701","LON"
1536143,"87528","LON"
1537318,"15798","LON"
1538135,"13888","LON"
1538481,"314263","LON"
1538643,"109733","LON"
1538645,"178431","LON"
1538646,"111855","LON"
1538648,"163498","LON"
1539264,"106203","LON"
1540705,"15178","LON"
1540708,"558103","LON"
1540715,"623881","LON"
1540819,"623881","LON"
1540838,"105294","LON"
1540841,"179390","LON"
1540865,"182130","LON"
1540877,"316645","LON"
1541079,"91615","LON"
1541080,"91615","LON"
1541155,"106713","LON"
1541438,"254169","LON"
1541484,"106040","LON"
1541857,"6653","LON"
1543197,"585561","LON"
1543224,"174434","LON"
1543229,"373304","LON"
1543396,"316488","LON"
1543403,"312863","LON"
1543655,"15101","LON"
1544724,"94500","LON"
1544815,"102045","LON"
1544817,"94501","LON"
1544863,"85077","LON"
1544884,"585198","LON"
1544894,"316961","LON"
1544897,"582721","LON"
1544939,"122358","LON"
1544951,"316121","LON"
1544966,"316092","LON"
1545024,"171406","LON"
1545070,"541384","LON"
1545077,"201957","LON"
1545089,"313233","LON"
1545098,"150525","LON"
1545107,"591612","LON"
1546011,"102239","LON"
1546153,"626261","LON"
1546212,"154045","LON"
1546726,"107825","LON"
1546963,"170177","LON"
1549591,"313572","LON"
1549944,"558103","LON"
1550381,"107825","LON"
1551757,"17126","LON"
1552573,"125353","LON"
1553311,"202060","LON"
1553405,"314318","LON"
1555429,"608057","LON"
1555442,"70989","LON"
1555453,"7566","LON"
1555457,"77690","LON"
1555461,"6616","LON"
1555466,"6554","LON"
1555474,"7573","LON"
1555476,"7549","LON"
1555598,"16233","LON"
1555609,"172419","LON"
1555677,"556927","LON"
1555713,"411219","LON"
1555715,"521061","LON"
1555893,"38784","LON"
1555933,"29247","LON"
1555942,"14835","LON"
1555957,"107677","LON"
1555958,"27179","LON"
1555970,"106040","LON"
1555971,"228577","LON"
1556323,"111645","LON"
1556326,"156620","LON"
1556328,"232159","LON"
1556332,"13897","LON"
1556337,"193433","LON"
1556339,"38759","LON"
1556340,"9228","LON"
1576282,"368605","LON"
1577851,"6561","LON"
1577856,"6557","LON"
1577857,"6547","LON"
1577858,"6553","LON"
1577859,"6608","LON"
1577860,"6565","LON"
1577862,"6550","LON"
1577863,"6564","LON"
1577870,"6643","LON"
1577872,"6635","LON"
1577873,"6616","LON"
1577874,"6640","LON"
1577875,"6645","LON"
1577876,"6638","LON"
1577877,"6653","LON"
1577881,"6636","LON"
1577880,"6647","LON"
1577871,"6628","LON"
1577884,"6639","LON"
1577885,"6641","LON"
1577887,"6650","LON"
1577888,"6646","LON"
1577889,"6655","LON"
1577898,"7545","LON"
1577903,"7555","LON"
1577905,"7549","LON"
1577906,"7546","LON"
1577908,"7557","LON"
1577913,"7544","LON"
1577914,"7550","LON"
1578068,"13892","LON"
1578072,"13891","LON"
1578073,"13885","LON"
1578074,"13888","LON"
1578075,"13893","LON"
1578076,"14080","LON"
1578080,"13897","LON"
1578081,"13900","LON"
1578082,"16105","LON"
1578085,"16108","LON"
1578086,"16233","LON"
1578087,"14004","LON"
1578089,"13898","LON"
1578090,"14141","LON"
1578091,"14104","LON"
1578094,"16106","LON"
1578096,"6614","LON"
1578097,"7568","LON"
1578099,"7565","LON"
1578101,"7563","LON"
1578102,"7572","LON"
1578104,"7560","LON"
1578106,"6615","LON"
1578109,"7564","LON"
1578111,"7561","LON"
1578112,"7570","LON"
1578113,"7566","LON"
1578114,"7573","LON"
1578141,"8898","LON"
1578154,"9472","LON"
1578159,"9474","LON"
1578162,"9227","LON"
1578143,"9221","LON"
1578149,"8899","LON"
1578173,"9016","LON"
1578174,"9476","LON"
1578361,"14917","LON"
1578362,"14406","LON"
1578365,"14550","LON"
1578366,"14923","LON"
1578367,"14170","LON"
1578368,"14403","LON"
1578372,"14985","LON"
1578375,"14991","LON"
1578376,"14989","LON"
1578387,"15813","LON"
1578391,"17122","LON"
1578396,"15901","LON"
1578397,"125353","LON"
1578404,"17311","LON"
1578412,"17415","LON"
1578450,"25861","LON"
1578468,"28728","LON"
1578473,"25859","LON"
1578491,"25860","LON"
1578374,"15101","LON"
1578529,"41285","LON"
1578566,"46622","LON"
1578571,"54174","LON"
1578573,"47956","LON"
1578656,"71468","LON"
1578674,"65659","LON"
1578685,"70989","LON"
1578687,"58082","LON"
1578703,"72399","LON"
1578715,"58694","LON"
1578728,"67759","LON"
1578878,"100616","LON"
1578884,"102045","LON"
1578885,"102239","LON"
1578895,"104275","LON"
1578896,"103835","LON"
1578898,"103437","LON"
1578899,"104337","LON"
1578903,"105294","LON"
1578908,"106399","LON"
1578917,"106713","LON"
1578923,"111855","LON"
1578930,"110557","LON"
1578932,"111645","LON"
1578945,"115212","LON"
1578953,"115366","LON"
1579035,"77690","LON"
1579044,"84242","LON"
1579065,"84356","LON"
1579081,"87611","LON"
1579092,"91615","LON"
1579103,"87280","LON"
1579109,"92172","LON"
1579112,"86531","LON"
1579121,"90482","LON"
1579122,"87528","LON"
1579141,"94501","LON"
1579146,"91394","LON"
1579170,"107825","LON"
1579176,"107908","LON"
1579203,"120418","LON"
1579235,"122041","LON"
1579275,"126260","LON"
1579295,"128787","LON"
1579331,"133506","LON"
1579385,"145836","LON"
1579414,"139527","LON"
1579431,"145542","LON"
1579435,"147529","LON"
1579447,"153296","LON"
1579456,"153304","LON"
1579467,"147634","LON"
1579471,"150525","LON"
1579473,"148304","LON"
1579479,"150531","LON"
1579487,"155259","LON"
1579489,"150646","LON"
1579496,"156955","LON"
1579499,"155310","LON"
1579504,"156620","LON"
1579515,"160781","LON"
1579516,"157118","LON"
1579528,"156203","LON"
1579533,"161365","LON"
1579534,"163498","LON"
1579535,"164966","LON"
1579543,"161367","LON"
1579551,"163382","LON"
1579554,"161368","LON"
1579556,"164363","LON"
1579558,"167507","LON"
1579559,"164990","LON"
1579561,"162374","LON"
1579563,"164364","LON"
1579567,"169900","LON"
1579568,"164991","LON"
1579573,"164366","LON"
1579576,"160745","LON"
1579586,"160746","LON"
1579588,"162475","LON"
1579593,"164412","LON"
1579596,"170177","LON"
1579606,"179223","LON"
1579609,"179390","LON"
1579613,"172419","LON"
1579614,"171406","LON"
1579618,"172420","LON"
1579625,"172693","LON"
1579638,"174434","LON"
1579592,"164992","LON"
1579653,"178431","LON"
1579658,"180527","LON"
1579661,"182130","LON"
1579664,"180050","LON"
1579673,"183194","LON"
1579676,"183898","LON"
1579701,"189477","LON"
1579702,"190452","LON"
1579720,"189908","LON"
1579731,"189438","LON"
1579759,"193433","LON"
1579787,"201957","LON"
1579836,"222260","LON"
1579867,"215288","LON"
1579878,"218066","LON"
1579910,"232159","LON"
1579923,"237212","LON"
1579946,"312741","LON"
1579948,"312099","LON"
1579949,"312863","LON"
1579951,"313233","LON"
1579953,"313212","LON"
1579955,"312737","LON"
1579956,"313572","LON"
1579960,"313231","LON"
1579961,"313351","LON"
1579966,"314748","LON"
1579969,"313901","LON"
1579970,"315068","LON"
1579976,"315757","LON"
1579982,"315653","LON"
1579985,"316236","LON"
1579987,"315269","LON"
1579988,"316092","LON"
1579994,"316121","LON"
1580001,"316961","LON"
1580008,"316645","LON"
1580036,"373303","LON"
1580071,"401003","LON"
1580081,"402378","LON"
1580095,"401001","LON"
1580104,"411219","LON"
1580111,"439321","LON"
1580137,"541362","LON"
1580138,"556927","LON"
1580147,"541384","LON"
1580157,"558103","LON"
1580180,"521061","LON"
1580182,"467401","LON"
1580188,"582721","LON"
1580194,"585198","LON"
1580196,"585561","LON"
1580198,"591612","LON"
1580219,"122358","LON"
1580984,"7552","LON"
1581447,"314844","LON"
1581452,"314713","LON"
1581453,"313685","LON"
1581502,"623881","LON"
1581722,"102553","LON"
1581724,"15178","LON"
1581732,"15176","LON"
1586782,"6554","LON"
1587019,"6560","LON"
1587020,"6573","LON"
1587027,"6612","LON"
1593234,"6649","LON"
1593240,"316183","LON"
1593450,"6605","LON"
1593729,"547142","LON"
1593743,"547218","LON"
1593801,"633381","LON"
1600499,"71468","LON"
1600562,"609147","LON"
1600630,"100616","LON"
1610418,"6569","LON"
1610444,"357696","LON"
1612084,"316189","LON"
1612358,"393165","LON"
1615050,"619843","LON"
2102594,"102594","LON"
2120428,"120428","LON"
2120493,"120493","LON"
2148547,"148547","LON"
2475362,"475362","LON"
2122167,"122167","LON"
2020065,"20065","LON"
2300382,"300382","LON"
2150671,"150671","LON"
2542562,"542562","LON"
2399459,"399459","LON"
1515199,"313103","LON"
1430953,"7563","LON"
1466368,"151389","LON"
1328635,"6554","LON"
1243635,"7545","LON"
1263631,"183194","LON"
1328650,"9228","LON"
1330800,"9223","LON"
1267485,"193433","LON"
1473910,"493281","LON"
1430932,"25682","LON"
7529,"9471","LON"
1341457,"163382","LON"
1442460,"411219","LON"
1489875,"6632","LON"
13762,"112296","LON"
1470359,"193433","LON"
1484230,"198727","LON"
1577869,"6627","LON"
1579909,"313103","LON"
1535726,"378403","LON"
1445825,"481199","LON"
1524999,"169079","LON"
1437734,"169079","LON"
1328619,"6618","LON"
1488405,"6632","LON"
1470733,"171961","LON"
1420989,"198727","LON"
1341223,"9476","LON"
1328918,"111694","LON"
1439588,"312730","LON"
1209265,"15103","LON"
1555215,"13890","LON"
1414371,"602023","LON"
1587989,"94500","LON"
1497280,"133857","LON"
1499552,"228577","LON"
1578504,"42616","LON"
1231377,"160781","LON"
1357191,"15900","LON"
1470885,"169277","LON"
1611506,"13889","LON"
1219615,"151389","LON"
1239113,"6652","LON"
1470883,"173632","LON"
1313044,"157292","LON"
1328690,"6632","LON"
1430948,"9228","LON"
1248010,"101002","LON"
1239165,"6621","LON"
1436673,"316339","LON"
1550246,"311580","LON"
8209,"6625","LON"
1501247,"9471","LON"
1593229,"6649","LON"
1578153,"9225","LON"
1437208,"313608","LON"
1424928,"9014","LON"
1239174,"133482","LON"
1428307,"230058","LON"
1231369,"6612","LON"
17478,"316609","LON"
1488538,"6632","LON"
5437,"14998","LON"
1469307,"602030","LON"
1425480,"311942","LON"
1610388,"6569","LON"
1439584,"316619","LON"
1601588,"167506","LON"
1329390,"164789","LON"
1341226,"6628","LON"
7766,"14403","LON"
1296791,"314844","LON"
1501187,"6625","LON"
1461799,"312022","LON"
1495940,"122897","LON"
1469467,"315210","LON"
1202212,"6560","LON"
1472649,"140407","LON"
1211767,"17125","LON"
13768,"112297","LON"
1325622,"315210","LON"
1593237,"316183","LON"
1469917,"151066","LON"
1328615,"6589","LON"
1463799,"313114","LON"
1221570,"15007","LON"
1427949,"151066","LON"
1515255,"492381","LON"
1438577,"547218","LON"
1239169,"481242","LON"
1612228,"316189","LON"
1232378,"7547","LON"
1296797,"314713","LON"
1542809,"636261","LON"
1579594,"169079","LON"
1356141,"156250","LON"
1439591,"312714","LON"
1381788,"6618","LON"
1474292,"313231","LON"
1239107,"547193","LON"
1251856,"54357","LON"
1475890,"7552","LON"
1032818,"7553","LON"
1483234,"7541","LON"
1342563,"6566","LON"
1428026,"547192","LON"
1231705,"110168","LON"
1414956,"122897","LON"
1504790,"15838","LON"
1482666,"16240","LON"
1239104,"106399","LON"
1593378,"6605","LON"
1461819,"128699","LON"
1579977,"315129","LON"
1501344,"110168","LON"
8804,"7543","LON"
1600983,"154045","LON"
1468530,"14403","LON"
1533385,"22438","LON"
1457025,"216603","LON"
1349336,"17127","LON"
1033858,"6649","LON"
1331664,"314367","LON"
1432766,"230415","LON"
1003254,"13888","LON"
1495996,"492381","LON"
1328789,"171734","LON"
1031188,"14836","LON"
6939,"13890","LON"
1221683,"15006","LON"
1433034,"181507","LON"
1328677,"6625","LON"
1440165,"167507","LON"
10679,"70242","LON"
1328135,"6622","LON"
1430936,"6550","LON"
1336000,"14004","LON"
1425088,"9223","LON"
1495828,"481199","LON"
1459638,"602025","LON"
1341542,"25859","LON"
1332007,"103836","LON"
1460836,"602023","LON"
1219631,"79621","LON"
1610333,"316148","LON"
1438563,"383499","LON"
1241741,"115834","LON"
1463527,"314844","LON"
1241754,"311580","LON"
1577912,"7541","LON"
1334930,"231021","LON"
1465048,"157292","LON"
1471657,"156971","LON"
1463526,"314713","LON"
1469215,"17127","LON"
1587893,"493301","LON"
1470352,"128047","LON"
1450096,"174553","LON"
16150,"6632","LON"
1328676,"6612","LON"
1427948,"312425","LON"
1489617,"14998","LON"
1341188,"156250","LON"
1426793,"54357","LON"
1041218,"17127","LON"
1612350,"393165","LON"
1236145,"15895","LON"
1328664,"7547","LON"
1473645,"547192","LON"
1492061,"606545","LON"
1299315,"6566","LON"
1470882,"169275","LON"
1328692,"6636","LON"
1248203,"481242","LON"
1412166,"311942","LON"
1363836,"7548","LON"
1497938,"615562","LON"
1328755,"65169","LON"
1214873,"22438","LON"
1321522,"36697","LON"
1436674,"115613","LON"
1472679,"107825","LON"
1437703,"314642","LON"
1587988,"85077","LON"
1593979,"51177","LON"
1474493,"316183","LON"
1470890,"169276","LON"
1484862,"15847","LON"
1231370,"6556","LON"
1482473,"15900","LON"
1239105,"106396","LON"
1328617,"7602","LON"
1381787,"9014","LON"
1529561,"230058","LON"
